{"33.798158,-118.356524": {"elevRange": 10.4, "maxSlope": 13.5, "flatPct": 80, "slopeScore": 28}, "33.805627,-118.384954": {"elevRange": 8.1, "maxSlope": 10.6, "flatPct": 95, "slopeScore": 17}, "33.808715,-118.377792": {"elevRange": 21.3, "maxSlope": 32.4, "flatPct": 50, "slopeScore": 63}, "33.814798,-118.358362": {"elevRange": 1.1, "maxSlope": 2.4, "flatPct": 100, "slopeScore": 3}, "33.773168,-118.387971": {"elevRange": 1.6, "maxSlope": 3.4, "flatPct": 100, "slopeScore": 4}}